family,model_name,rank,rho,seed,lr,top1_fired,top1_fire_step,collapsed,max_grad_norm,final_loss,path,sha256
LLaDA,llada2_mini,None,0.05,1337,0.0001,True,11,False,26.986697602527627,2.240067,results/peft_results/peft_results_w7_critical12_llada20mini/r16_m0p05_s1337.json,8f101ebd0254b572
LLaDA,llada2_mini,None,0.05,150,0.0001,True,11,False,30.14828599839754,2.232782,results/peft_results/peft_results_w7_critical12_llada20mini/r16_m0p05_s150.json,953d065eaf2ad149
LLaDA,llada2_mini,None,0.05,200,0.0001,True,11,False,25.824832093614027,0.314906,results/peft_results/peft_results_w7_critical12_llada20mini/r16_m0p05_s200.json,0667f39f0ea86667
LLaDA,llada2_mini,None,0.05,21,0.0001,True,11,False,36.92273591871189,2.052043,results/peft_results/peft_results_w7_critical12_llada20mini/r16_m0p05_s21.json,dbc5923ff220299c
LLaDA,llada2_mini,None,0.05,300,0.0001,True,11,False,26.589241153119925,3.640128,results/peft_results/peft_results_w7_critical12_llada20mini/r16_m0p05_s300.json,6eecbc465080498c
LLaDA,llada2_mini,None,0.05,400,0.0001,True,11,False,25.829138856407752,1.776167,results/peft_results/peft_results_w7_critical12_llada20mini/r16_m0p05_s400.json,3dc875d34fd26deb
LLaDA,llada2_mini,None,0.05,42,0.0001,True,11,False,53.47898794645252,2.460919,results/peft_results/peft_results_w7_critical12_llada20mini/r16_m0p05_s42.json,a40078cc664ce922
LLaDA,llada2_mini,None,0.05,500,0.0001,True,11,False,22.15155452331817,0.263095,results/peft_results/peft_results_w7_critical12_llada20mini/r16_m0p05_s500.json,95a80a0d4abc1cb4
LLaDA,llada2_mini,None,0.05,7,0.0001,True,11,False,45.0091795376542,1.765814,results/peft_results/peft_results_w7_critical12_llada20mini/r16_m0p05_s7.json,badcdc616f43d879
LLaDA,llada2_mini,None,0.05,99,0.0001,True,11,False,31.342983766506972,2.90245,results/peft_results/peft_results_w7_critical12_llada20mini/r16_m0p05_s99.json,d103cb8ef8b56310
LLaDA,llada2_mini,None,0.2,1337,0.0001,True,11,False,52.85482716742449,1.599842,results/peft_results/peft_results_w7_critical12_llada20mini/r16_m0p20_s1337.json,8b654ece7c543cf2
LLaDA,llada2_mini,None,0.2,150,0.0001,True,11,False,15.746059825711312,1.471946,results/peft_results/peft_results_w7_critical12_llada20mini/r16_m0p20_s150.json,9d2c5e72e76eff8f
LLaDA,llada2_mini,None,0.2,200,0.0001,True,11,False,14.092037480149841,1.528239,results/peft_results/peft_results_w7_critical12_llada20mini/r16_m0p20_s200.json,77c3a0e39ae8b195
LLaDA,llada2_mini,None,0.2,21,0.0001,True,11,False,23.52963926376117,1.853793,results/peft_results/peft_results_w7_critical12_llada20mini/r16_m0p20_s21.json,baf0c9859e0521ab
LLaDA,llada2_mini,None,0.2,300,0.0001,True,11,False,19.096491854969624,1.507122,results/peft_results/peft_results_w7_critical12_llada20mini/r16_m0p20_s300.json,f3c6eb3fbf074cbf
LLaDA,llada2_mini,None,0.2,400,0.0001,True,11,False,15.252821487176028,1.467422,results/peft_results/peft_results_w7_critical12_llada20mini/r16_m0p20_s400.json,2f02c5a9d6ee6c5e
LLaDA,llada2_mini,None,0.2,42,0.0001,True,11,False,12.589533969949533,1.930039,results/peft_results/peft_results_w7_critical12_llada20mini/r16_m0p20_s42.json,7724dd56830c1f3d
LLaDA,llada2_mini,None,0.2,500,0.0001,True,11,False,19.73712322247538,1.634736,results/peft_results/peft_results_w7_critical12_llada20mini/r16_m0p20_s500.json,84365c92c9102bec
LLaDA,llada2_mini,None,0.2,7,0.0001,True,11,False,16.225674380703726,2.171114,results/peft_results/peft_results_w7_critical12_llada20mini/r16_m0p20_s7.json,0bc45fe572ba2045
LLaDA,llada2_mini,None,0.2,99,0.0001,True,11,False,14.825020017815119,1.763921,results/peft_results/peft_results_w7_critical12_llada20mini/r16_m0p20_s99.json,2e69036128869aac
LLaDA,llada2_mini,None,0.4,1337,0.0001,True,11,False,17.590395452042294,1.83984,results/peft_results/peft_results_w7_critical12_llada20mini/r16_m0p40_s1337.json,eaf8ee5fcf84cfc7
LLaDA,llada2_mini,None,0.4,150,0.0001,True,11,False,20.74198597753274,1.696545,results/peft_results/peft_results_w7_critical12_llada20mini/r16_m0p40_s150.json,f0322ca3d6d765e1
LLaDA,llada2_mini,None,0.4,200,0.0001,True,11,False,15.052009016964886,1.687089,results/peft_results/peft_results_w7_critical12_llada20mini/r16_m0p40_s200.json,bbce11c9b305aad8
LLaDA,llada2_mini,None,0.4,21,0.0001,True,11,False,21.376666155269522,1.783765,results/peft_results/peft_results_w7_critical12_llada20mini/r16_m0p40_s21.json,51d436403dfa3fd2
LLaDA,llada2_mini,None,0.4,300,0.0001,True,11,False,25.325128754216458,1.587536,results/peft_results/peft_results_w7_critical12_llada20mini/r16_m0p40_s300.json,866487bc7177bb7d
LLaDA,llada2_mini,None,0.4,400,0.0001,True,11,False,20.716108005907095,1.685322,results/peft_results/peft_results_w7_critical12_llada20mini/r16_m0p40_s400.json,fc9166d3d7c4a2b7
LLaDA,llada2_mini,None,0.4,42,0.0001,True,11,False,19.19074912128479,2.256063,results/peft_results/peft_results_w7_critical12_llada20mini/r16_m0p40_s42.json,4a2cb857cd6fb639
LLaDA,llada2_mini,None,0.4,500,0.0001,True,11,False,28.647803851740115,1.860898,results/peft_results/peft_results_w7_critical12_llada20mini/r16_m0p40_s500.json,00dc15fa3e6f52a3
LLaDA,llada2_mini,None,0.4,7,0.0001,True,11,False,15.369083591597866,2.139921,results/peft_results/peft_results_w7_critical12_llada20mini/r16_m0p40_s7.json,d8460adf9a54cf3f
LLaDA,llada2_mini,None,0.4,99,0.0001,True,11,False,17.384337088673455,1.722071,results/peft_results/peft_results_w7_critical12_llada20mini/r16_m0p40_s99.json,e58dda1cbef1d336
LLaDA,llada2_mini,None,0.9,1337,0.0001,True,11,False,34.32126216631105,2.136,results/peft_results/peft_results_w7_critical12_llada20mini/r16_m0p90_s1337.json,1e9bbc914f3ae887
LLaDA,llada2_mini,None,0.9,150,0.0001,True,11,False,22.203815240334887,2.117228,results/peft_results/peft_results_w7_critical12_llada20mini/r16_m0p90_s150.json,9978a056271b8d01
LLaDA,llada2_mini,None,0.9,200,0.0001,True,11,False,74.67821441673192,1.831331,results/peft_results/peft_results_w7_critical12_llada20mini/r16_m0p90_s200.json,095ebadeafb894b9
LLaDA,llada2_mini,None,0.9,21,0.0001,True,11,False,36.58991483832316,1.993813,results/peft_results/peft_results_w7_critical12_llada20mini/r16_m0p90_s21.json,24757246755e4ae0
LLaDA,llada2_mini,None,0.9,300,0.0001,True,11,False,30.407751047491796,1.993557,results/peft_results/peft_results_w7_critical12_llada20mini/r16_m0p90_s300.json,2d91bb84a7b31a0e
LLaDA,llada2_mini,None,0.9,400,0.0001,True,11,False,28.213534091570867,2.001431,results/peft_results/peft_results_w7_critical12_llada20mini/r16_m0p90_s400.json,00c8050672b1a82f
LLaDA,llada2_mini,None,0.9,42,0.0001,True,11,False,29.40129459190465,1.950409,results/peft_results/peft_results_w7_critical12_llada20mini/r16_m0p90_s42.json,1f61ae57f2f230ba
LLaDA,llada2_mini,None,0.9,500,0.0001,True,11,False,27.83692975723217,2.073154,results/peft_results/peft_results_w7_critical12_llada20mini/r16_m0p90_s500.json,d9197a2501a7cfc8
LLaDA,llada2_mini,None,0.9,7,0.0001,True,11,False,35.09380214865436,1.991863,results/peft_results/peft_results_w7_critical12_llada20mini/r16_m0p90_s7.json,08680aeee605f66a
LLaDA,llada2_mini,None,0.9,99,0.0001,True,11,False,21.84847588180836,1.855214,results/peft_results/peft_results_w7_critical12_llada20mini/r16_m0p90_s99.json,28f0c00008eef5e7
LLaDA,llada2_mini,None,0.05,1337,0.0001,True,11,False,35.54889155239029,2.124181,results/peft_results/peft_results_w7_critical12_llada20mini/r4_m0p05_s1337.json,1c5e498f4801ab5f
LLaDA,llada2_mini,None,0.05,150,0.0001,True,11,False,37.11633212347959,1.976853,results/peft_results/peft_results_w7_critical12_llada20mini/r4_m0p05_s150.json,71cfecc1c014b420
LLaDA,llada2_mini,None,0.05,200,0.0001,True,11,False,35.30066853133272,0.243208,results/peft_results/peft_results_w7_critical12_llada20mini/r4_m0p05_s200.json,6f44fe2791a5d783
LLaDA,llada2_mini,None,0.05,21,0.0001,True,11,False,38.967010268240166,2.098565,results/peft_results/peft_results_w7_critical12_llada20mini/r4_m0p05_s21.json,faaa3cfbce6529b2
LLaDA,llada2_mini,None,0.05,300,0.0001,True,11,False,32.85951785438843,3.166396,results/peft_results/peft_results_w7_critical12_llada20mini/r4_m0p05_s300.json,79bc8a303d6c4b52
LLaDA,llada2_mini,None,0.05,400,0.0001,True,11,False,27.3326610623006,1.886986,results/peft_results/peft_results_w7_critical12_llada20mini/r4_m0p05_s400.json,ab36c02e7db96f14
LLaDA,llada2_mini,None,0.05,42,0.0001,True,11,False,22.77331312740854,2.068605,results/peft_results/peft_results_w7_critical12_llada20mini/r4_m0p05_s42.json,fdda56b52a9aa577
LLaDA,llada2_mini,None,0.05,500,0.0001,True,11,False,24.12114836136471,0.351198,results/peft_results/peft_results_w7_critical12_llada20mini/r4_m0p05_s500.json,b960a2bc61936643
LLaDA,llada2_mini,None,0.05,7,0.0001,True,11,False,30.940503440019018,1.771377,results/peft_results/peft_results_w7_critical12_llada20mini/r4_m0p05_s7.json,537f73e0314a1dc0
LLaDA,llada2_mini,None,0.05,99,0.0001,True,11,False,33.57748243310486,2.80209,results/peft_results/peft_results_w7_critical12_llada20mini/r4_m0p05_s99.json,efefaab408c4da9d
LLaDA,llada2_mini,None,0.2,1337,0.0001,True,11,False,17.424863722903893,1.654851,results/peft_results/peft_results_w7_critical12_llada20mini/r4_m0p20_s1337.json,f9f8381f2f55d099
LLaDA,llada2_mini,None,0.2,150,0.0001,True,11,False,18.579898272290336,1.525097,results/peft_results/peft_results_w7_critical12_llada20mini/r4_m0p20_s150.json,52058c9181af007a
LLaDA,llada2_mini,None,0.2,200,0.0001,True,11,False,15.774724733159454,1.408313,results/peft_results/peft_results_w7_critical12_llada20mini/r4_m0p20_s200.json,59b4fa152846b8e1
LLaDA,llada2_mini,None,0.2,21,0.0001,True,11,False,13.586625472371788,1.878672,results/peft_results/peft_results_w7_critical12_llada20mini/r4_m0p20_s21.json,65c37b80f74274f8
LLaDA,llada2_mini,None,0.2,300,0.0001,True,11,False,13.76380798489637,1.392671,results/peft_results/peft_results_w7_critical12_llada20mini/r4_m0p20_s300.json,bb8fceba4fce8acb
LLaDA,llada2_mini,None,0.2,400,0.0001,True,11,False,16.624165782185493,1.533393,results/peft_results/peft_results_w7_critical12_llada20mini/r4_m0p20_s400.json,550c64eec8ce979b
LLaDA,llada2_mini,None,0.2,42,0.0001,True,11,False,11.382950373791967,1.923193,results/peft_results/peft_results_w7_critical12_llada20mini/r4_m0p20_s42.json,a09c2ba9200e843d
LLaDA,llada2_mini,None,0.2,500,0.0001,True,11,False,16.345093485103146,1.567247,results/peft_results/peft_results_w7_critical12_llada20mini/r4_m0p20_s500.json,47d205e64465360e
LLaDA,llada2_mini,None,0.2,7,0.0001,True,11,False,23.556471083680595,1.956492,results/peft_results/peft_results_w7_critical12_llada20mini/r4_m0p20_s7.json,3b336b56ca52c0ea
LLaDA,llada2_mini,None,0.2,99,0.0001,True,11,False,13.60020629653904,1.777235,results/peft_results/peft_results_w7_critical12_llada20mini/r4_m0p20_s99.json,74ba37ca739280cf
LLaDA,llada2_mini,None,0.4,1337,0.0001,True,11,False,17.308517901327,1.697358,results/peft_results/peft_results_w7_critical12_llada20mini/r4_m0p40_s1337.json,09aa9fb7fa1dd7c9
LLaDA,llada2_mini,None,0.4,150,0.0001,True,11,False,17.17969065842245,1.66623,results/peft_results/peft_results_w7_critical12_llada20mini/r4_m0p40_s150.json,a1885a03b363e553
LLaDA,llada2_mini,None,0.4,200,0.0001,True,11,False,15.948512443540677,1.681273,results/peft_results/peft_results_w7_critical12_llada20mini/r4_m0p40_s200.json,75174a1644239f8e
LLaDA,llada2_mini,None,0.4,21,0.0001,True,11,False,16.757911302344592,1.823441,results/peft_results/peft_results_w7_critical12_llada20mini/r4_m0p40_s21.json,eb852da4a4ccb709
LLaDA,llada2_mini,None,0.4,300,0.0001,True,11,False,16.05696418800675,1.530732,results/peft_results/peft_results_w7_critical12_llada20mini/r4_m0p40_s300.json,50aa816b54cfdb54
LLaDA,llada2_mini,None,0.4,400,0.0001,True,11,False,14.110485149631456,1.70776,results/peft_results/peft_results_w7_critical12_llada20mini/r4_m0p40_s400.json,92f6a427aeaeec6d
LLaDA,llada2_mini,None,0.4,42,0.0001,True,11,False,15.354428142426464,2.078865,results/peft_results/peft_results_w7_critical12_llada20mini/r4_m0p40_s42.json,4f635d20c4376214
LLaDA,llada2_mini,None,0.4,500,0.0001,True,11,False,14.977552721835364,2.086372,results/peft_results/peft_results_w7_critical12_llada20mini/r4_m0p40_s500.json,554dc78d33c928c6
LLaDA,llada2_mini,None,0.4,7,0.0001,True,11,False,18.48476220749873,2.260059,results/peft_results/peft_results_w7_critical12_llada20mini/r4_m0p40_s7.json,99933842c2e1b975
LLaDA,llada2_mini,None,0.4,99,0.0001,True,11,False,17.464252943429013,1.674562,results/peft_results/peft_results_w7_critical12_llada20mini/r4_m0p40_s99.json,38c2bb705ca25f94
LLaDA,llada2_mini,None,0.9,1337,0.0001,True,11,False,21.239879936965654,2.122229,results/peft_results/peft_results_w7_critical12_llada20mini/r4_m0p90_s1337.json,83c3040c94faf58b
LLaDA,llada2_mini,None,0.9,150,0.0001,True,11,False,25.171351412037218,2.116161,results/peft_results/peft_results_w7_critical12_llada20mini/r4_m0p90_s150.json,ec20382219d5cc1b
LLaDA,llada2_mini,None,0.9,200,0.0001,True,11,False,18.723409264154267,1.817429,results/peft_results/peft_results_w7_critical12_llada20mini/r4_m0p90_s200.json,f9eaa694b4f68a85
LLaDA,llada2_mini,None,0.9,21,0.0001,True,11,False,30.192806609157078,1.905133,results/peft_results/peft_results_w7_critical12_llada20mini/r4_m0p90_s21.json,244e259d6ad97764
LLaDA,llada2_mini,None,0.9,300,0.0001,True,11,False,21.00703684283814,2.006555,results/peft_results/peft_results_w7_critical12_llada20mini/r4_m0p90_s300.json,2047bc1a5892d528
LLaDA,llada2_mini,None,0.9,400,0.0001,True,11,False,114.74083420237356,1.981181,results/peft_results/peft_results_w7_critical12_llada20mini/r4_m0p90_s400.json,940b2c1736bb46de
LLaDA,llada2_mini,None,0.9,42,0.0001,True,11,False,160.9905429506904,1.967364,results/peft_results/peft_results_w7_critical12_llada20mini/r4_m0p90_s42.json,a1a784b99cf26700
LLaDA,llada2_mini,None,0.9,500,0.0001,True,11,False,166.4330758895118,2.080018,results/peft_results/peft_results_w7_critical12_llada20mini/r4_m0p90_s500.json,daabb5738f308fa0
LLaDA,llada2_mini,None,0.9,7,0.0001,True,11,False,44.752011330731236,1.993967,results/peft_results/peft_results_w7_critical12_llada20mini/r4_m0p90_s7.json,6aa9fadd30d141fe
LLaDA,llada2_mini,None,0.9,99,0.0001,True,11,False,29.59403416544687,1.89532,results/peft_results/peft_results_w7_critical12_llada20mini/r4_m0p90_s99.json,00f6cbb3fe21e4db
LLaDA,llada2_mini,None,0.05,1337,0.0001,True,11,False,34.95847418457755,2.300144,results/peft_results/peft_results_w7_critical12_llada20mini/r64_m0p05_s1337.json,4e12d8f665baa841
LLaDA,llada2_mini,None,0.05,150,0.0001,True,11,False,25.72539731173635,1.839208,results/peft_results/peft_results_w7_critical12_llada20mini/r64_m0p05_s150.json,f3bdb643929d1f1a
LLaDA,llada2_mini,None,0.05,200,0.0001,True,11,False,38.12550989049736,0.564772,results/peft_results/peft_results_w7_critical12_llada20mini/r64_m0p05_s200.json,e33707be1acdb02b
LLaDA,llada2_mini,None,0.05,21,0.0001,True,11,False,31.343327165600037,1.856693,results/peft_results/peft_results_w7_critical12_llada20mini/r64_m0p05_s21.json,d926bd97ac373757
LLaDA,llada2_mini,None,0.05,300,0.0001,True,11,False,33.40871502316762,3.593422,results/peft_results/peft_results_w7_critical12_llada20mini/r64_m0p05_s300.json,0f08f2d2aa79e95a
LLaDA,llada2_mini,None,0.05,400,0.0001,True,11,False,35.283629200658005,1.836253,results/peft_results/peft_results_w7_critical12_llada20mini/r64_m0p05_s400.json,9bd22342c460090e
LLaDA,llada2_mini,None,0.05,42,0.0001,True,11,False,76.36840466927822,2.163602,results/peft_results/peft_results_w7_critical12_llada20mini/r64_m0p05_s42.json,ff3fee5748f853c8
LLaDA,llada2_mini,None,0.05,500,0.0001,True,11,False,24.0729695717354,0.722588,results/peft_results/peft_results_w7_critical12_llada20mini/r64_m0p05_s500.json,6723d00d97ffc50b
LLaDA,llada2_mini,None,0.05,7,0.0001,True,11,False,40.34306907414752,1.852643,results/peft_results/peft_results_w7_critical12_llada20mini/r64_m0p05_s7.json,a05a2bc2745079cd
LLaDA,llada2_mini,None,0.05,99,0.0001,True,11,False,34.16865738665965,3.005182,results/peft_results/peft_results_w7_critical12_llada20mini/r64_m0p05_s99.json,ee44dd89be0c3f7b
LLaDA,llada2_mini,None,0.2,1337,0.0001,True,11,False,21.560332243559113,1.740531,results/peft_results/peft_results_w7_critical12_llada20mini/r64_m0p20_s1337.json,95931e3c6ea28e9f
LLaDA,llada2_mini,None,0.2,150,0.0001,True,11,False,14.54026972059224,1.569618,results/peft_results/peft_results_w7_critical12_llada20mini/r64_m0p20_s150.json,39f2799d1ddfd045
LLaDA,llada2_mini,None,0.2,200,0.0001,True,11,False,25.778090977064924,1.472865,results/peft_results/peft_results_w7_critical12_llada20mini/r64_m0p20_s200.json,4e8a874ed1d41bf9
LLaDA,llada2_mini,None,0.2,21,0.0001,True,11,False,47.145053110255375,1.94615,results/peft_results/peft_results_w7_critical12_llada20mini/r64_m0p20_s21.json,06a8d0a3dbf6ba1d
LLaDA,llada2_mini,None,0.2,300,0.0001,True,11,False,24.772981719792224,1.496968,results/peft_results/peft_results_w7_critical12_llada20mini/r64_m0p20_s300.json,1a090606f180e27c
LLaDA,llada2_mini,None,0.2,400,0.0001,True,11,False,16.777798582198034,1.492279,results/peft_results/peft_results_w7_critical12_llada20mini/r64_m0p20_s400.json,4fe9983efccf4b60
LLaDA,llada2_mini,None,0.2,42,0.0001,True,11,False,81.58224735770246,1.88254,results/peft_results/peft_results_w7_critical12_llada20mini/r64_m0p20_s42.json,c37ed59db8c6cb31
LLaDA,llada2_mini,None,0.2,500,0.0001,True,11,False,27.226374046146216,1.546036,results/peft_results/peft_results_w7_critical12_llada20mini/r64_m0p20_s500.json,9f3754da37ebcdc1
LLaDA,llada2_mini,None,0.2,7,0.0001,True,11,False,16.513975569399065,1.928422,results/peft_results/peft_results_w7_critical12_llada20mini/r64_m0p20_s7.json,5cc3bbadb222a04d
LLaDA,llada2_mini,None,0.2,99,0.0001,True,11,False,121.27891053679282,1.825444,results/peft_results/peft_results_w7_critical12_llada20mini/r64_m0p20_s99.json,1b1c8963533be876
LLaDA,llada2_mini,None,0.4,1337,0.0001,True,11,False,28.201939943041005,1.746214,results/peft_results/peft_results_w7_critical12_llada20mini/r64_m0p40_s1337.json,33d2b5e6c92d93f3
LLaDA,llada2_mini,None,0.4,150,0.0001,True,11,False,30.07653142167145,1.648914,results/peft_results/peft_results_w7_critical12_llada20mini/r64_m0p40_s150.json,6a61edc5452b977b
LLaDA,llada2_mini,None,0.4,200,0.0001,True,11,False,26.597634226915822,1.672647,results/peft_results/peft_results_w7_critical12_llada20mini/r64_m0p40_s200.json,32aad0e93f0d48db
LLaDA,llada2_mini,None,0.4,21,0.0001,True,11,False,43.05672413795838,1.92056,results/peft_results/peft_results_w7_critical12_llada20mini/r64_m0p40_s21.json,de80406173eaccdc
LLaDA,llada2_mini,None,0.4,300,0.0001,True,11,False,22.710445289145355,1.686022,results/peft_results/peft_results_w7_critical12_llada20mini/r64_m0p40_s300.json,06be1b3f3668550b
LLaDA,llada2_mini,None,0.4,400,0.0001,True,11,False,39.786611942489074,1.684045,results/peft_results/peft_results_w7_critical12_llada20mini/r64_m0p40_s400.json,81f91fd8e03f4063
LLaDA,llada2_mini,None,0.4,42,0.0001,True,11,False,30.746954574234678,2.183429,results/peft_results/peft_results_w7_critical12_llada20mini/r64_m0p40_s42.json,0a7dd0a5e7cbfa27
LLaDA,llada2_mini,None,0.4,500,0.0001,True,11,False,59.28858352223536,1.831062,results/peft_results/peft_results_w7_critical12_llada20mini/r64_m0p40_s500.json,a9957479db1b846f
LLaDA,llada2_mini,None,0.4,7,0.0001,True,11,False,27.220245641213207,2.25797,results/peft_results/peft_results_w7_critical12_llada20mini/r64_m0p40_s7.json,715d74af59454649
LLaDA,llada2_mini,None,0.4,99,0.0001,True,11,False,26.42271994701255,1.609678,results/peft_results/peft_results_w7_critical12_llada20mini/r64_m0p40_s99.json,2263e1d639119562
LLaDA,llada2_mini,None,0.9,1337,0.0001,True,11,False,39.26875691531219,2.142162,results/peft_results/peft_results_w7_critical12_llada20mini/r64_m0p90_s1337.json,e0875e61c5e76b8f
LLaDA,llada2_mini,None,0.9,150,0.0001,True,11,False,34.807162743346126,2.142823,results/peft_results/peft_results_w7_critical12_llada20mini/r64_m0p90_s150.json,936b87bdc4dfbb24
LLaDA,llada2_mini,None,0.9,200,0.0001,True,11,False,133.41921180789564,1.787533,results/peft_results/peft_results_w7_critical12_llada20mini/r64_m0p90_s200.json,b1adfd2e29c52988
LLaDA,llada2_mini,None,0.9,21,0.0001,True,11,False,37.847975518203434,1.89526,results/peft_results/peft_results_w7_critical12_llada20mini/r64_m0p90_s21.json,d127b9d2ebfac473
LLaDA,llada2_mini,None,0.9,300,0.0001,True,11,False,201.8732054353528,2.105463,results/peft_results/peft_results_w7_critical12_llada20mini/r64_m0p90_s300.json,dff4fa555ee24ef0
LLaDA,llada2_mini,None,0.9,400,0.0001,True,11,False,55.33405351880536,2.022487,results/peft_results/peft_results_w7_critical12_llada20mini/r64_m0p90_s400.json,6f2f058175f5649a
LLaDA,llada2_mini,None,0.9,42,0.0001,True,11,False,146.19126406471523,1.924972,results/peft_results/peft_results_w7_critical12_llada20mini/r64_m0p90_s42.json,65245a35fde7e303
LLaDA,llada2_mini,None,0.9,500,0.0001,True,11,False,43.91680233110727,2.066894,results/peft_results/peft_results_w7_critical12_llada20mini/r64_m0p90_s500.json,03fed0ecaff47d7d
LLaDA,llada2_mini,None,0.9,7,0.0001,True,11,False,118.91353356382922,1.944717,results/peft_results/peft_results_w7_critical12_llada20mini/r64_m0p90_s7.json,ce71d3a4c6997283
LLaDA,llada2_mini,None,0.9,99,0.0001,True,11,False,34.95067712261531,1.958255,results/peft_results/peft_results_w7_critical12_llada20mini/r64_m0p90_s99.json,ec40b83e0413abc5
LLaDA,llada21_mini,None,0.4,1337,0.0001,True,11,False,18.232797936373757,0.004649,results/peft_results/peft_results_w7_k4_llada21_3seed/r4_m0p40_s1337.json,0c06395e26508825
LLaDA,llada21_mini,None,0.4,42,0.0001,True,11,False,20.720620747078957,0.016701,results/peft_results/peft_results_w7_k4_llada21_3seed/r4_m0p40_s42.json,09eeadb2c3ca3a5b
LLaDA,llada21_mini,None,0.4,7,0.0001,True,11,False,10.139396405210041,0.024818,results/peft_results/peft_results_w7_k4_llada21_3seed/r4_m0p40_s7.json,bf741cb7ee56db0a
LLaDA,llada21_mini,None,0.9,1337,0.0001,True,11,False,30.51202482498442,1.476624,results/peft_results/peft_results_w7_k4_llada21_3seed/r4_m0p90_s1337.json,16777234dc7d8ff4
LLaDA,llada21_mini,None,0.9,42,0.0001,True,11,False,30.727787173446973,1.038123,results/peft_results/peft_results_w7_k4_llada21_3seed/r4_m0p90_s42.json,5883d231a772a119
LLaDA,llada21_mini,None,0.9,7,0.0001,True,11,False,25.347476199609115,0.854621,results/peft_results/peft_results_w7_k4_llada21_3seed/r4_m0p90_s7.json,2a9f5d347f582f7d
LLaDA,llada21_mini,None,0.4,1337,0.0001,True,11,False,14.356862053819535,0.003773,results/peft_results/peft_results_w7_k4_llada21_3seed/r64_m0p40_s1337.json,c13d78a1320336ae
LLaDA,llada21_mini,None,0.4,42,0.0001,True,11,False,13.260927413850439,0.007881,results/peft_results/peft_results_w7_k4_llada21_3seed/r64_m0p40_s42.json,cd2d8117720cc462
LLaDA,llada21_mini,None,0.4,7,0.0001,True,11,False,10.641986738131529,0.010987,results/peft_results/peft_results_w7_k4_llada21_3seed/r64_m0p40_s7.json,274b5fea3f0cbdf7
LLaDA,llada21_mini,None,0.9,1337,0.0001,True,11,False,36.17564638105833,1.285174,results/peft_results/peft_results_w7_k4_llada21_3seed/r64_m0p90_s1337.json,a14e683734467c6a
LLaDA,llada21_mini,None,0.9,42,0.0001,True,11,False,61.875439713191504,0.891858,results/peft_results/peft_results_w7_k4_llada21_3seed/r64_m0p90_s42.json,d074a4cf52e9ab19
LLaDA,llada21_mini,None,0.9,7,0.0001,True,11,False,36.794461432402564,0.825748,results/peft_results/peft_results_w7_k4_llada21_3seed/r64_m0p90_s7.json,6add0f2b3c133ec9
LLaDA,llada_moe_a1b,None,0.4,1337,0.0001,True,11,False,86.21118082879823,1.9375,results/peft_results/peft_results_w7_k11b_llada_moe_a1b_3seed/r4_m0p40_s1337.json,cab8d78432c9e317
LLaDA,llada_moe_a1b,None,0.4,42,0.0001,True,11,False,65.59324414618736,2.0625,results/peft_results/peft_results_w7_k11b_llada_moe_a1b_3seed/r4_m0p40_s42.json,9d992e56c621a563
LLaDA,llada_moe_a1b,None,0.4,7,0.0001,True,11,False,116.42145684935969,2.359375,results/peft_results/peft_results_w7_k11b_llada_moe_a1b_3seed/r4_m0p40_s7.json,ca8f24c2639acf65
LLaDA,llada_moe_a1b,None,0.9,1337,0.0001,True,11,False,189.09204585630815,2.1875,results/peft_results/peft_results_w7_k11b_llada_moe_a1b_3seed/r4_m0p90_s1337.json,652108ad91d2358b
LLaDA,llada_moe_a1b,None,0.9,42,0.0001,True,11,False,171.95666698690542,2.015625,results/peft_results/peft_results_w7_k11b_llada_moe_a1b_3seed/r4_m0p90_s42.json,cfd4b2ea4b117d50
LLaDA,llada_moe_a1b,None,0.9,7,0.0001,True,11,False,354.0675598303118,2.0,results/peft_results/peft_results_w7_k11b_llada_moe_a1b_3seed/r4_m0p90_s7.json,fff6ece2312065c8
LLaDA,llada_moe_a1b,None,0.4,1337,0.0001,True,11,False,212.9689412398929,2.234375,results/peft_results/peft_results_w7_k11b_llada_moe_a1b_3seed/r64_m0p40_s1337.json,71b85021e3a5db7f
LLaDA,llada_moe_a1b,None,0.4,42,0.0001,True,11,False,169.8842507909729,2.1875,results/peft_results/peft_results_w7_k11b_llada_moe_a1b_3seed/r64_m0p40_s42.json,c95b55bb07b5749b
LLaDA,llada_moe_a1b,None,0.4,7,0.0001,True,11,False,123.43223627936175,2.203125,results/peft_results/peft_results_w7_k11b_llada_moe_a1b_3seed/r64_m0p40_s7.json,b9127f751bc6892a
LLaDA,llada_moe_a1b,None,0.9,1337,0.0001,True,11,False,492.11803572869644,2.140625,results/peft_results/peft_results_w7_k11b_llada_moe_a1b_3seed/r64_m0p90_s1337.json,b4748b893ea95c93
LLaDA,llada_moe_a1b,None,0.9,42,0.0001,True,11,False,512.5431168042625,2.015625,results/peft_results/peft_results_w7_k11b_llada_moe_a1b_3seed/r64_m0p90_s42.json,e3b20c24dd2ddca8
LLaDA,llada_moe_a1b,None,0.9,7,0.0001,True,11,False,759.0103504949011,2.0,results/peft_results/peft_results_w7_k11b_llada_moe_a1b_3seed/r64_m0p90_s7.json,3325aeab53c066f9
Dream,dream,None,0.1,1337,0.0001,True,11,False,154.69234088383263,0.06311,results/peft_results/peft_results_w7_dream_lr_rho_rank_1seed/r16_m0p10_lr1en4_s1337.json,a3cfe9ebd75be88c
Dream,dream,None,0.1,1337,1e-05,True,11,False,1205.5771789200373,1.541016,results/peft_results/peft_results_w7_dream_lr_rho_rank_1seed/r16_m0p10_lr1en5_s1337.json,ec6fe85fc27685ca
Dream,dream,None,0.1,1337,2e-06,True,11,False,1014.8110106388533,2.357422,results/peft_results/peft_results_w7_dream_lr_rho_rank_1seed/r16_m0p10_lr2en6_s1337.json,c826e63d3ca93097
Dream,dream,None,0.1,1337,5e-05,True,11,False,1663.103741459576,0.473877,results/peft_results/peft_results_w7_dream_lr_rho_rank_1seed/r16_m0p10_lr5en5_s1337.json,313b22541f7498f6
Dream,dream,None,0.1,1337,5e-07,True,11,False,173.05096230999501,2.449219,results/peft_results/peft_results_w7_dream_lr_rho_rank_1seed/r16_m0p10_lr5en7_s1337.json,c56656509bfe066b
Dream,dream,None,0.4,1337,0.0001,True,11,False,152.11258945264873,0.163452,results/peft_results/peft_results_w7_dream_lr_rho_rank_1seed/r16_m0p40_lr1en4_s1337.json,4256328c564f7d56
Dream,dream,None,0.4,1337,1e-05,True,11,False,125.38328296335753,1.446289,results/peft_results/peft_results_w7_dream_lr_rho_rank_1seed/r16_m0p40_lr1en5_s1337.json,10900489a873c601
Dream,dream,None,0.4,1337,2e-06,True,11,False,17.98571970765033,3.232422,results/peft_results/peft_results_w7_dream_lr_rho_rank_1seed/r16_m0p40_lr2en6_s1337.json,1be646446735495e
Dream,dream,None,0.4,1337,5e-05,True,11,False,307.1716540567411,0.121704,results/peft_results/peft_results_w7_dream_lr_rho_rank_1seed/r16_m0p40_lr5en5_s1337.json,359b72e379c4bb7c
Dream,dream,None,0.4,1337,5e-07,True,11,False,27.8572685711792,3.423828,results/peft_results/peft_results_w7_dream_lr_rho_rank_1seed/r16_m0p40_lr5en7_s1337.json,4254036cf0654436
Dream,dream,None,0.7,1337,0.0001,True,11,False,194.7671242250898,0.221313,results/peft_results/peft_results_w7_dream_lr_rho_rank_1seed/r16_m0p70_lr1en4_s1337.json,8b80dc5fcfa8be69
Dream,dream,None,0.7,1337,1e-05,True,11,False,21.293121271761226,1.6875,results/peft_results/peft_results_w7_dream_lr_rho_rank_1seed/r16_m0p70_lr1en5_s1337.json,97a647e29a919d64
Dream,dream,None,0.7,1337,2e-06,True,11,False,21.317594587728266,1.854492,results/peft_results/peft_results_w7_dream_lr_rho_rank_1seed/r16_m0p70_lr2en6_s1337.json,9405b6096330508e
Dream,dream,None,0.7,1337,5e-05,True,11,False,158.73567644689825,0.366211,results/peft_results/peft_results_w7_dream_lr_rho_rank_1seed/r16_m0p70_lr5en5_s1337.json,4f5cc6ef9e67f163
Dream,dream,None,0.7,1337,5e-07,True,11,False,16.790469376433027,1.873047,results/peft_results/peft_results_w7_dream_lr_rho_rank_1seed/r16_m0p70_lr5en7_s1337.json,737d16038eb2a25a
Dream,dream,None,0.9,1337,0.0001,True,11,False,160.74970545516655,1.579102,results/peft_results/peft_results_w7_dream_lr_rho_rank_1seed/r16_m0p90_lr1en4_s1337.json,9d7b0b9e116a98b9
Dream,dream,None,0.9,1337,1e-05,True,11,False,15.758649084656827,2.095703,results/peft_results/peft_results_w7_dream_lr_rho_rank_1seed/r16_m0p90_lr1en5_s1337.json,3116bdc6ac7fa9ec
Dream,dream,None,0.9,1337,2e-06,True,11,False,15.598721654778753,2.447266,results/peft_results/peft_results_w7_dream_lr_rho_rank_1seed/r16_m0p90_lr2en6_s1337.json,df1d0adcd56bb00a
Dream,dream,None,0.9,1337,5e-05,True,11,False,135.66752364602215,1.753906,results/peft_results/peft_results_w7_dream_lr_rho_rank_1seed/r16_m0p90_lr5en5_s1337.json,fb90ae5140c7ceb0
Dream,dream,None,0.9,1337,5e-07,True,11,False,14.222174067996422,2.486328,results/peft_results/peft_results_w7_dream_lr_rho_rank_1seed/r16_m0p90_lr5en7_s1337.json,2c75734d9359345e
Dream,dream,None,0.1,1337,0.0001,True,11,False,370.2258288140831,0.526367,results/peft_results/peft_results_w7_dream_lr_rho_rank_1seed/r4_m0p10_lr1en4_s1337.json,e8f5ad9605ec2963
Dream,dream,None,0.1,1337,1e-05,True,11,False,564.9832894569836,2.134766,results/peft_results/peft_results_w7_dream_lr_rho_rank_1seed/r4_m0p10_lr1en5_s1337.json,131059ee3f1a13f1
Dream,dream,None,0.1,1337,2e-06,True,11,False,180.91880924496496,2.427734,results/peft_results/peft_results_w7_dream_lr_rho_rank_1seed/r4_m0p10_lr2en6_s1337.json,8ebd1fcbb8fb23ed
Dream,dream,None,0.1,1337,5e-05,True,11,False,1743.449359014096,1.176758,results/peft_results/peft_results_w7_dream_lr_rho_rank_1seed/r4_m0p10_lr5en5_s1337.json,fedcd4c49a52ef89
Dream,dream,None,0.1,1337,5e-07,True,11,False,99.78747759021945,2.453125,results/peft_results/peft_results_w7_dream_lr_rho_rank_1seed/r4_m0p10_lr5en7_s1337.json,55e9b26eca7550f4
Dream,dream,None,0.4,1337,0.0001,True,11,False,149.1814921281131,0.094299,results/peft_results/peft_results_w7_dream_lr_rho_rank_1seed/r4_m0p40_lr1en4_s1337.json,bc67f5821d8b5700
Dream,dream,None,0.4,1337,1e-05,True,11,False,15.3068084068915,2.693359,results/peft_results/peft_results_w7_dream_lr_rho_rank_1seed/r4_m0p40_lr1en5_s1337.json,332a0cf7e68f2f78
Dream,dream,None,0.4,1337,2e-06,True,11,False,16.88765167673958,3.402344,results/peft_results/peft_results_w7_dream_lr_rho_rank_1seed/r4_m0p40_lr2en6_s1337.json,2558fed80a6c2d00
Dream,dream,None,0.4,1337,5e-05,True,11,False,64.36750453411977,0.649902,results/peft_results/peft_results_w7_dream_lr_rho_rank_1seed/r4_m0p40_lr5en5_s1337.json,a21cb664bfdb2953
Dream,dream,None,0.4,1337,5e-07,True,11,False,16.872483950093496,3.447266,results/peft_results/peft_results_w7_dream_lr_rho_rank_1seed/r4_m0p40_lr5en7_s1337.json,13e635e1d351771b
Dream,dream,None,0.7,1337,0.0001,True,11,False,542.1981503630551,0.501953,results/peft_results/peft_results_w7_dream_lr_rho_rank_1seed/r4_m0p70_lr1en4_s1337.json,735718ce639472ae
Dream,dream,None,0.7,1337,1e-05,True,11,False,43.59608938230945,1.805664,results/peft_results/peft_results_w7_dream_lr_rho_rank_1seed/r4_m0p70_lr1en5_s1337.json,0429a9e065306223
Dream,dream,None,0.7,1337,2e-06,True,11,False,27.0092804237731,1.871094,results/peft_results/peft_results_w7_dream_lr_rho_rank_1seed/r4_m0p70_lr2en6_s1337.json,ad609098789da876
Dream,dream,None,0.7,1337,5e-05,True,11,False,89.40123126792913,1.039062,results/peft_results/peft_results_w7_dream_lr_rho_rank_1seed/r4_m0p70_lr5en5_s1337.json,e55c681e7610e517
Dream,dream,None,0.7,1337,5e-07,True,11,False,18.80033088337983,1.875,results/peft_results/peft_results_w7_dream_lr_rho_rank_1seed/r4_m0p70_lr5en7_s1337.json,15cb1480bcb96ff1
Dream,dream,None,0.9,1337,0.0001,True,11,False,420.224294914817,1.708984,results/peft_results/peft_results_w7_dream_lr_rho_rank_1seed/r4_m0p90_lr1en4_s1337.json,821fdb7728d2c16f
Dream,dream,None,0.9,1337,1e-05,True,11,False,10.755796650009868,2.333984,results/peft_results/peft_results_w7_dream_lr_rho_rank_1seed/r4_m0p90_lr1en5_s1337.json,9e38c3e0d91f0a40
Dream,dream,None,0.9,1337,2e-06,True,11,False,9.136913214946231,2.482422,results/peft_results/peft_results_w7_dream_lr_rho_rank_1seed/r4_m0p90_lr2en6_s1337.json,41cbc70fdd9c247a
Dream,dream,None,0.9,1337,5e-05,True,11,False,31.853242379320736,1.675781,results/peft_results/peft_results_w7_dream_lr_rho_rank_1seed/r4_m0p90_lr5en5_s1337.json,355af5e1462c225a
Dream,dream,None,0.9,1337,5e-07,True,11,False,8.61390551233561,2.492188,results/peft_results/peft_results_w7_dream_lr_rho_rank_1seed/r4_m0p90_lr5en7_s1337.json,b6a43d7551feaf49
Dream,dream,None,0.1,1337,0.0001,True,11,False,191.32755513140265,0.287598,results/peft_results/peft_results_w7_dream_lr_rho_rank_1seed/r64_m0p10_lr1en4_s1337.json,acf244398b257fe7
Dream,dream,None,0.1,1337,1e-05,True,11,False,188.17228385119446,1.192383,results/peft_results/peft_results_w7_dream_lr_rho_rank_1seed/r64_m0p10_lr1en5_s1337.json,80f926087ff6b0c8
Dream,dream,None,0.1,1337,2e-06,True,11,False,1135.92636918468,2.109375,results/peft_results/peft_results_w7_dream_lr_rho_rank_1seed/r64_m0p10_lr2en6_s1337.json,f3ba6bb5069da9c0
Dream,dream,None,0.1,1337,5e-05,True,11,False,202.4471758591432,0.098816,results/peft_results/peft_results_w7_dream_lr_rho_rank_1seed/r64_m0p10_lr5en5_s1337.json,6df00f9b34079128
Dream,dream,None,0.1,1337,5e-07,True,11,False,723.4341519137,2.392578,results/peft_results/peft_results_w7_dream_lr_rho_rank_1seed/r64_m0p10_lr5en7_s1337.json,ca91813cacfdd754
Dream,dream,None,0.4,1337,0.0001,True,12,False,106.08503485125122,0.029099,results/peft_results/peft_results_w7_dream_lr_rho_rank_1seed/r64_m0p40_lr1en4_s1337.json,78e859d74251a785
Dream,dream,None,0.4,1337,1e-05,True,11,False,3807.9987700299184,0.65332,results/peft_results/peft_results_w7_dream_lr_rho_rank_1seed/r64_m0p40_lr1en5_s1337.json,fee460c4f23eaf7e
Dream,dream,None,0.4,1337,2e-06,True,11,False,27.409714183023425,2.654297,results/peft_results/peft_results_w7_dream_lr_rho_rank_1seed/r64_m0p40_lr2en6_s1337.json,303ac060961748d9
Dream,dream,None,0.4,1337,5e-05,True,11,False,232.93936714603666,0.088379,results/peft_results/peft_results_w7_dream_lr_rho_rank_1seed/r64_m0p40_lr5en5_s1337.json,276f40dfb4450022
Dream,dream,None,0.4,1337,5e-07,True,11,False,133.68528320226721,3.3125,results/peft_results/peft_results_w7_dream_lr_rho_rank_1seed/r64_m0p40_lr5en7_s1337.json,17ad1eb2a7119307
Dream,dream,None,0.7,1337,0.0001,True,11,False,146.5450943781397,0.41333,results/peft_results/peft_results_w7_dream_lr_rho_rank_1seed/r64_m0p70_lr1en4_s1337.json,5e4f6b92ff87b066
Dream,dream,None,0.7,1337,1e-05,True,11,False,134.94533054245147,1.054688,results/peft_results/peft_results_w7_dream_lr_rho_rank_1seed/r64_m0p70_lr1en5_s1337.json,4ee495c4558c4a23
Dream,dream,None,0.7,1337,2e-06,True,11,False,42.40501929701139,1.807617,results/peft_results/peft_results_w7_dream_lr_rho_rank_1seed/r64_m0p70_lr2en6_s1337.json,dad90fc3424aaa2e
Dream,dream,None,0.7,1337,5e-05,True,11,False,204.36537438182228,1.158203,results/peft_results/peft_results_w7_dream_lr_rho_rank_1seed/r64_m0p70_lr5en5_s1337.json,04c18db0c405e5a8
Dream,dream,None,0.7,1337,5e-07,True,11,False,696.1644276043672,1.861328,results/peft_results/peft_results_w7_dream_lr_rho_rank_1seed/r64_m0p70_lr5en7_s1337.json,2f88a7c8079a02f8
Dream,dream,None,0.9,1337,0.0001,True,11,False,51.12666894598112,1.614258,results/peft_results/peft_results_w7_dream_lr_rho_rank_1seed/r64_m0p90_lr1en4_s1337.json,ba8d77a7ce7575c3
Dream,dream,None,0.9,1337,1e-05,True,11,False,437.8687294049498,1.712891,results/peft_results/peft_results_w7_dream_lr_rho_rank_1seed/r64_m0p90_lr1en5_s1337.json,c70b198969511767
Dream,dream,None,0.9,1337,2e-06,True,11,False,147.02356361506608,2.339844,results/peft_results/peft_results_w7_dream_lr_rho_rank_1seed/r64_m0p90_lr2en6_s1337.json,190a0486494e23b9
Dream,dream,None,0.9,1337,5e-05,True,11,False,1022.8643411910048,1.458984,results/peft_results/peft_results_w7_dream_lr_rho_rank_1seed/r64_m0p90_lr5en5_s1337.json,124937943b65334b
Dream,dream,None,0.9,1337,5e-07,True,11,False,28.385352653274744,2.462891,results/peft_results/peft_results_w7_dream_lr_rho_rank_1seed/r64_m0p90_lr5en7_s1337.json,f3c8f1994dbe78e8
Dream,dream,4,0.4,11,2e-06,True,11,False,90.15368585698556,2.25,results/peft_results/peft_results_w7_k11_dream_4cell_n3_lr2e6/r4_m0p40_s11.json,d4e375382450b95c
Dream,dream,4,0.4,1337,2e-06,True,11,False,97.77501479468413,2.796875,results/peft_results/peft_results_w7_k11_dream_4cell_n3_lr2e6/r4_m0p40_s1337.json,73dfacd75a9508e6
Dream,dream,4,0.4,199,2e-06,True,11,False,34.61528437652191,2.734375,results/peft_results/peft_results_w7_k11_dream_4cell_n3_lr2e6/r4_m0p40_s199.json,de0e979719d64b30
Dream,dream,4,0.4,31,2e-06,True,11,False,50.721932745668425,2.484375,results/peft_results/peft_results_w7_k11_dream_4cell_n3_lr2e6/r4_m0p40_s31.json,40e5a4f042f40655
Dream,dream,4,0.4,401,2e-06,True,11,False,56.57562897208312,2.484375,results/peft_results/peft_results_w7_k11_dream_4cell_n3_lr2e6/r4_m0p40_s401.json,b485bc2f791fee9c
Dream,dream,4,0.4,42,2e-06,True,11,False,62.49700507950483,2.71875,results/peft_results/peft_results_w7_k11_dream_4cell_n3_lr2e6/r4_m0p40_s42.json,e49ec305da29af2f
Dream,dream,4,0.4,7,2e-06,True,11,False,81.50611276387778,2.53125,results/peft_results/peft_results_w7_k11_dream_4cell_n3_lr2e6/r4_m0p40_s7.json,981b8e8412170350
Dream,dream,4,0.4,73,2e-06,True,11,False,123.12612008211791,3.421875,results/peft_results/peft_results_w7_k11_dream_4cell_n3_lr2e6/r4_m0p40_s73.json,d877014e0a8083c8
Dream,dream,4,0.4,97,2e-06,True,11,False,40.66133784719168,2.796875,results/peft_results/peft_results_w7_k11_dream_4cell_n3_lr2e6/r4_m0p40_s97.json,6ac20b3989467de5
Dream,dream,4,0.4,977,2e-06,True,11,False,61.276465338282485,1.929688,results/peft_results/peft_results_w7_k11_dream_4cell_n3_lr2e6/r4_m0p40_s977.json,92ae4af7203ca924
Dream,dream,4,0.9,11,2e-06,True,11,False,153.0705514531405,2.40625,results/peft_results/peft_results_w7_k11_dream_4cell_n3_lr2e6/r4_m0p90_s11.json,4644ef07b3752f64
Dream,dream,4,0.9,1337,2e-06,True,11,False,443.30752712435384,2.984375,results/peft_results/peft_results_w7_k11_dream_4cell_n3_lr2e6/r4_m0p90_s1337.json,23dff0ecb900e6e7
Dream,dream,4,0.9,199,2e-06,True,11,False,212.71316528469254,3.078125,results/peft_results/peft_results_w7_k11_dream_4cell_n3_lr2e6/r4_m0p90_s199.json,57139559ad9c1d42
Dream,dream,4,0.9,31,2e-06,True,11,False,64.1206658657348,2.703125,results/peft_results/peft_results_w7_k11_dream_4cell_n3_lr2e6/r4_m0p90_s31.json,df09ff59520e9d1b
Dream,dream,4,0.9,401,2e-06,True,11,False,79.78010495887835,2.90625,results/peft_results/peft_results_w7_k11_dream_4cell_n3_lr2e6/r4_m0p90_s401.json,37618614f8ec9bf5
Dream,dream,4,0.9,42,2e-06,True,11,False,109.00943372563057,2.625,results/peft_results/peft_results_w7_k11_dream_4cell_n3_lr2e6/r4_m0p90_s42.json,f8f4404647c8c99f
Dream,dream,4,0.9,7,2e-06,True,11,False,230.96006887936255,2.859375,results/peft_results/peft_results_w7_k11_dream_4cell_n3_lr2e6/r4_m0p90_s7.json,52d15f3df5cb560c
Dream,dream,4,0.9,73,2e-06,True,11,False,189.85888107400635,3.25,results/peft_results/peft_results_w7_k11_dream_4cell_n3_lr2e6/r4_m0p90_s73.json,fcb79188d5a5a512
Dream,dream,4,0.9,97,2e-06,True,11,False,56.23242577375454,2.859375,results/peft_results/peft_results_w7_k11_dream_4cell_n3_lr2e6/r4_m0p90_s97.json,2f1890380691df56
Dream,dream,4,0.9,977,2e-06,True,11,False,205.67454086514988,2.84375,results/peft_results/peft_results_w7_k11_dream_4cell_n3_lr2e6/r4_m0p90_s977.json,c5cd58cc35236374
Dream,dream,64,0.4,11,2e-06,True,11,False,306.6383017869115,1.820312,results/peft_results/peft_results_w7_k11_dream_4cell_n3_lr2e6/r64_m0p40_s11.json,1111d2a71757f838
Dream,dream,64,0.4,1337,2e-06,True,11,False,177.08475579065407,2.546875,results/peft_results/peft_results_w7_k11_dream_4cell_n3_lr2e6/r64_m0p40_s1337.json,d30a7addb10eda68
Dream,dream,64,0.4,199,2e-06,True,11,False,136.40959858756253,2.421875,results/peft_results/peft_results_w7_k11_dream_4cell_n3_lr2e6/r64_m0p40_s199.json,aee606c105944fcb
Dream,dream,64,0.4,31,2e-06,True,11,False,299.21013874747626,2.265625,results/peft_results/peft_results_w7_k11_dream_4cell_n3_lr2e6/r64_m0p40_s31.json,5ba42f33149d0de8
Dream,dream,64,0.4,401,2e-06,True,11,False,157.41257151698153,2.203125,results/peft_results/peft_results_w7_k11_dream_4cell_n3_lr2e6/r64_m0p40_s401.json,00c48f3e73bcf4df
Dream,dream,64,0.4,42,2e-06,True,11,False,175.58844014641184,2.34375,results/peft_results/peft_results_w7_k11_dream_4cell_n3_lr2e6/r64_m0p40_s42.json,8f5e6eaa4bbf702a
Dream,dream,64,0.4,7,2e-06,True,11,False,150.1048021681297,2.171875,results/peft_results/peft_results_w7_k11_dream_4cell_n3_lr2e6/r64_m0p40_s7.json,fbff2776d695ea4f
Dream,dream,64,0.4,73,2e-06,True,11,False,110.118389630904,3.28125,results/peft_results/peft_results_w7_k11_dream_4cell_n3_lr2e6/r64_m0p40_s73.json,af2b52f0427dc763
Dream,dream,64,0.4,97,2e-06,True,11,False,154.81406026723195,2.3125,results/peft_results/peft_results_w7_k11_dream_4cell_n3_lr2e6/r64_m0p40_s97.json,4e64d40ad00dadfb
Dream,dream,64,0.4,977,2e-06,True,11,False,518.640780652183,1.625,results/peft_results/peft_results_w7_k11_dream_4cell_n3_lr2e6/r64_m0p40_s977.json,8270babb06d53860
Dream,dream,64,0.9,11,2e-06,True,11,False,582.1967007800478,2.25,results/peft_results/peft_results_w7_k11_dream_4cell_n3_lr2e6/r64_m0p90_s11.json,787208bf675e7468
Dream,dream,64,0.9,1337,2e-06,True,11,False,536.9297032513063,2.6875,results/peft_results/peft_results_w7_k11_dream_4cell_n3_lr2e6/r64_m0p90_s1337.json,e7b18108cca12146
Dream,dream,64,0.9,199,2e-06,True,11,False,1252.253518146985,2.578125,results/peft_results/peft_results_w7_k11_dream_4cell_n3_lr2e6/r64_m0p90_s199.json,3ebb5bec61ee3e6d
Dream,dream,64,0.9,31,2e-06,True,11,False,304.8025842370759,2.5,results/peft_results/peft_results_w7_k11_dream_4cell_n3_lr2e6/r64_m0p90_s31.json,f0d02e1b150010c0
Dream,dream,64,0.9,401,2e-06,True,11,False,813.4123204314833,2.609375,results/peft_results/peft_results_w7_k11_dream_4cell_n3_lr2e6/r64_m0p90_s401.json,1337a6b866e4f452
Dream,dream,64,0.9,42,2e-06,True,11,False,808.733969712127,2.53125,results/peft_results/peft_results_w7_k11_dream_4cell_n3_lr2e6/r64_m0p90_s42.json,00e2ed7a6ea6beee
Dream,dream,64,0.9,7,2e-06,True,11,False,914.606572095831,2.34375,results/peft_results/peft_results_w7_k11_dream_4cell_n3_lr2e6/r64_m0p90_s7.json,944acc518e7a6a48
Dream,dream,64,0.9,73,2e-06,True,11,False,899.165470773397,2.640625,results/peft_results/peft_results_w7_k11_dream_4cell_n3_lr2e6/r64_m0p90_s73.json,e7811009cf0480c3
Dream,dream,64,0.9,97,2e-06,True,11,False,330.2396156043841,2.5,results/peft_results/peft_results_w7_k11_dream_4cell_n3_lr2e6/r64_m0p90_s97.json,b1d0fbdea307b576
Dream,dream,64,0.9,977,2e-06,True,11,False,1606.1926910450343,2.421875,results/peft_results/peft_results_w7_k11_dream_4cell_n3_lr2e6/r64_m0p90_s977.json,af9c0b504d872158
Dream,dream,16,0.05,1337,2e-06,True,11,False,388.7719440846778,4.03125,results/peft_results/peft_results_w7_k15b_dream_matched_n3/dream_r16_m0p05_s1337/dream_r16_m0p05_s1337.json,ffe29efc7478988e
Dream,dream,16,0.05,42,2e-06,True,11,False,447.69714310577325,3.015625,results/peft_results/peft_results_w7_k15b_dream_matched_n3/dream_r16_m0p05_s42/dream_r16_m0p05_s42.json,ae7ddec19fdfeb16
Dream,dream,16,0.05,7,2e-06,True,11,False,2070.179370969977,2.75,results/peft_results/peft_results_w7_k15b_dream_matched_n3/dream_r16_m0p05_s7/dream_r16_m0p05_s7.json,030aeb2aace84619
Dream,dream,16,0.2,1337,2e-06,True,11,False,280.61625732356543,2.6875,results/peft_results/peft_results_w7_k15b_dream_matched_n3/dream_r16_m0p20_s1337/dream_r16_m0p20_s1337.json,2218682cda9ab0c3
Dream,dream,16,0.2,42,2e-06,True,11,False,350.7907999639051,2.671875,results/peft_results/peft_results_w7_k15b_dream_matched_n3/dream_r16_m0p20_s42/dream_r16_m0p20_s42.json,cd7317ad0e755c74
Dream,dream,16,0.2,7,2e-06,True,11,False,451.5716887930349,1.859375,results/peft_results/peft_results_w7_k15b_dream_matched_n3/dream_r16_m0p20_s7/dream_r16_m0p20_s7.json,80be4cf443ef9d12
Dream,dream,16,0.4,1337,2e-06,True,11,False,191.3290491334669,2.671875,results/peft_results/peft_results_w7_k15b_dream_matched_n3/dream_r16_m0p40_s1337/dream_r16_m0p40_s1337.json,ee0301e39655a677
Dream,dream,16,0.4,42,2e-06,True,11,False,117.27992673888042,2.53125,results/peft_results/peft_results_w7_k15b_dream_matched_n3/dream_r16_m0p40_s42/dream_r16_m0p40_s42.json,4a5376716517d27f
Dream,dream,16,0.4,7,2e-06,True,11,False,119.22125086962609,2.3125,results/peft_results/peft_results_w7_k15b_dream_matched_n3/dream_r16_m0p40_s7/dream_r16_m0p40_s7.json,e893476d4a2d7f00
Dream,dream,16,0.7,1337,2e-06,True,11,False,113.42475274463193,2.640625,results/peft_results/peft_results_w7_k15b_dream_matched_n3/dream_r16_m0p70_s1337/dream_r16_m0p70_s1337.json,1b1faa70b67b6071
Dream,dream,16,0.7,42,2e-06,True,11,False,165.42900720665435,2.890625,results/peft_results/peft_results_w7_k15b_dream_matched_n3/dream_r16_m0p70_s42/dream_r16_m0p70_s42.json,d6454b66ee312d4f
Dream,dream,16,0.7,7,2e-06,True,11,False,150.0402214061959,2.109375,results/peft_results/peft_results_w7_k15b_dream_matched_n3/dream_r16_m0p70_s7/dream_r16_m0p70_s7.json,109b94550ac0e6f6
Dream,dream,16,0.9,1337,2e-06,True,11,False,588.4317885148533,2.921875,results/peft_results/peft_results_w7_k15b_dream_matched_n3/dream_r16_m0p90_s1337/dream_r16_m0p90_s1337.json,26646d99461b1919
Dream,dream,16,0.9,42,2e-06,True,11,False,176.22483587207643,2.5625,results/peft_results/peft_results_w7_k15b_dream_matched_n3/dream_r16_m0p90_s42/dream_r16_m0p90_s42.json,ca742bd9853df7ca
Dream,dream,16,0.9,7,2e-06,True,11,False,354.4212835707257,2.671875,results/peft_results/peft_results_w7_k15b_dream_matched_n3/dream_r16_m0p90_s7/dream_r16_m0p90_s7.json,adab1837e8a16819
Dream,dream,4,0.05,1337,2e-06,True,11,False,927.1577548976114,3.84375,results/peft_results/peft_results_w7_k15b_dream_matched_n3/dream_r4_m0p05_s1337/dream_r4_m0p05_s1337.json,2b5b5b0e40a2588f
Dream,dream,4,0.05,42,2e-06,True,11,False,390.0121603697612,3.4375,results/peft_results/peft_results_w7_k15b_dream_matched_n3/dream_r4_m0p05_s42/dream_r4_m0p05_s42.json,634fe62528f089f1
Dream,dream,4,0.05,7,2e-06,True,11,False,239.80558467028345,2.90625,results/peft_results/peft_results_w7_k15b_dream_matched_n3/dream_r4_m0p05_s7/dream_r4_m0p05_s7.json,feb7696f253be0f5
Dream,dream,4,0.2,1337,2e-06,True,11,False,194.73583567809246,2.703125,results/peft_results/peft_results_w7_k15b_dream_matched_n3/dream_r4_m0p20_s1337/dream_r4_m0p20_s1337.json,0809339a07643258
Dream,dream,4,0.2,42,2e-06,True,11,False,149.84998144949006,2.640625,results/peft_results/peft_results_w7_k15b_dream_matched_n3/dream_r4_m0p20_s42/dream_r4_m0p20_s42.json,c58b48619780377d
Dream,dream,4,0.2,7,2e-06,True,11,False,133.8318695786897,1.851562,results/peft_results/peft_results_w7_k15b_dream_matched_n3/dream_r4_m0p20_s7/dream_r4_m0p20_s7.json,ebf3cc92df5eb629
Dream,dream,4,0.4,1337,2e-06,True,11,False,97.77501479468413,2.796875,results/peft_results/peft_results_w7_k15b_dream_matched_n3/dream_r4_m0p40_s1337/dream_r4_m0p40_s1337.json,fef7412ec05ee242
Dream,dream,4,0.4,42,2e-06,True,11,False,62.49700507950483,2.71875,results/peft_results/peft_results_w7_k15b_dream_matched_n3/dream_r4_m0p40_s42/dream_r4_m0p40_s42.json,d7a1c206534a796e
Dream,dream,4,0.4,7,2e-06,True,11,False,81.50611276387778,2.53125,results/peft_results/peft_results_w7_k15b_dream_matched_n3/dream_r4_m0p40_s7/dream_r4_m0p40_s7.json,c3c8e8f8a9e30a7e
Dream,dream,4,0.7,1337,2e-06,True,11,False,79.73339296412838,2.71875,results/peft_results/peft_results_w7_k15b_dream_matched_n3/dream_r4_m0p70_s1337/dream_r4_m0p70_s1337.json,b10c776f970d478c
Dream,dream,4,0.7,42,2e-06,True,11,False,81.33218987544348,3.03125,results/peft_results/peft_results_w7_k15b_dream_matched_n3/dream_r4_m0p70_s42/dream_r4_m0p70_s42.json,5f1ab71e1eafa4a7
Dream,dream,4,0.7,7,2e-06,True,11,False,88.86660491193079,2.15625,results/peft_results/peft_results_w7_k15b_dream_matched_n3/dream_r4_m0p70_s7/dream_r4_m0p70_s7.json,7a6aaad011d203cf
Dream,dream,4,0.9,1337,2e-06,True,11,False,443.30752712435384,2.984375,results/peft_results/peft_results_w7_k15b_dream_matched_n3/dream_r4_m0p90_s1337/dream_r4_m0p90_s1337.json,471f4bbb229bed18
Dream,dream,4,0.9,42,2e-06,True,11,False,109.00943372563057,2.625,results/peft_results/peft_results_w7_k15b_dream_matched_n3/dream_r4_m0p90_s42/dream_r4_m0p90_s42.json,abcedf728193023b
Dream,dream,4,0.9,7,2e-06,True,11,False,230.96006887936255,2.859375,results/peft_results/peft_results_w7_k15b_dream_matched_n3/dream_r4_m0p90_s7/dream_r4_m0p90_s7.json,cf2c054871b8f95e
Dream,dream,64,0.05,1337,2e-06,True,11,False,1095.039771810035,4.4375,results/peft_results/peft_results_w7_k15b_dream_matched_n3/dream_r64_m0p05_s1337/dream_r64_m0p05_s1337.json,707dbca9b66e9446
Dream,dream,64,0.05,42,2e-06,True,11,False,2757.222255822038,2.90625,results/peft_results/peft_results_w7_k15b_dream_matched_n3/dream_r64_m0p05_s42/dream_r64_m0p05_s42.json,74efde740d578bae
Dream,dream,64,0.05,7,2e-06,True,11,False,1700.0790559944096,1.960938,results/peft_results/peft_results_w7_k15b_dream_matched_n3/dream_r64_m0p05_s7/dream_r64_m0p05_s7.json,f0db2b3bb6f41ac4
Dream,dream,64,0.2,1337,2e-06,True,11,False,445.7357642956862,2.546875,results/peft_results/peft_results_w7_k15b_dream_matched_n3/dream_r64_m0p20_s1337/dream_r64_m0p20_s1337.json,054bd146e1ef3275
Dream,dream,64,0.2,42,2e-06,True,11,False,320.6914037485079,2.53125,results/peft_results/peft_results_w7_k15b_dream_matched_n3/dream_r64_m0p20_s42/dream_r64_m0p20_s42.json,d55228d8657941fa
Dream,dream,64,0.2,7,2e-06,True,11,False,363.3413035989239,1.78125,results/peft_results/peft_results_w7_k15b_dream_matched_n3/dream_r64_m0p20_s7/dream_r64_m0p20_s7.json,a51edce1c8e0f6d5
Dream,dream,64,0.4,1337,2e-06,True,11,False,177.08475579065407,2.546875,results/peft_results/peft_results_w7_k15b_dream_matched_n3/dream_r64_m0p40_s1337/dream_r64_m0p40_s1337.json,31ab67e12c4a576e
Dream,dream,64,0.4,42,2e-06,True,11,False,175.58844014641184,2.34375,results/peft_results/peft_results_w7_k15b_dream_matched_n3/dream_r64_m0p40_s42/dream_r64_m0p40_s42.json,3b5c0943af032629
Dream,dream,64,0.4,7,2e-06,True,11,False,150.1048021681297,2.171875,results/peft_results/peft_results_w7_k15b_dream_matched_n3/dream_r64_m0p40_s7/dream_r64_m0p40_s7.json,56c64e5df6abfcbe
Dream,dream,64,0.7,1337,2e-06,True,11,False,357.60235961495476,2.453125,results/peft_results/peft_results_w7_k15b_dream_matched_n3/dream_r64_m0p70_s1337/dream_r64_m0p70_s1337.json,f8697627174a297f
Dream,dream,64,0.7,42,2e-06,True,11,False,202.44660364965387,2.671875,results/peft_results/peft_results_w7_k15b_dream_matched_n3/dream_r64_m0p70_s42/dream_r64_m0p70_s42.json,84cb9737ee5d14b6
Dream,dream,64,0.7,7,2e-06,True,11,False,221.22553645271805,2.015625,results/peft_results/peft_results_w7_k15b_dream_matched_n3/dream_r64_m0p70_s7/dream_r64_m0p70_s7.json,18b51159ffe5779b
Dream,dream,64,0.9,1337,2e-06,True,11,False,536.9297032513063,2.6875,results/peft_results/peft_results_w7_k15b_dream_matched_n3/dream_r64_m0p90_s1337/dream_r64_m0p90_s1337.json,7e9df78334bbe554
Dream,dream,64,0.9,42,2e-06,True,11,False,808.733969712127,2.53125,results/peft_results/peft_results_w7_k15b_dream_matched_n3/dream_r64_m0p90_s42/dream_r64_m0p90_s42.json,3cd9de5bccce3295
Dream,dream,64,0.9,7,2e-06,True,11,False,914.606572095831,2.34375,results/peft_results/peft_results_w7_k15b_dream_matched_n3/dream_r64_m0p90_s7/dream_r64_m0p90_s7.json,64f00c46c554ab7e
MDLM,mdlm_base,16,0.05,1337,0.0001,True,27,False,46.261997976824745,0.622107,results/peft_results/peft_results_w7_k15_mdlm_top1_n3/mdlm_r16_m0p05_s1337/mdlm_r16_m0p05_s1337.json,dc4e438bdff65e33
MDLM,mdlm_base,16,0.05,42,0.0001,True,22,False,156.4967429366002,5.262809,results/peft_results/peft_results_w7_k15_mdlm_top1_n3/mdlm_r16_m0p05_s42/mdlm_r16_m0p05_s42.json,569f7716d9ed1039
MDLM,mdlm_base,16,0.05,7,0.0001,True,26,False,59.0431784249483,0.123198,results/peft_results/peft_results_w7_k15_mdlm_top1_n3/mdlm_r16_m0p05_s7/mdlm_r16_m0p05_s7.json,33422d7d432cdbd2
MDLM,mdlm_base,16,0.2,1337,0.0001,True,11,False,819.302435610771,0.540734,results/peft_results/peft_results_w7_k15_mdlm_top1_n3/mdlm_r16_m0p20_s1337/mdlm_r16_m0p2_s1337.json,5c30a2193393c34f
MDLM,mdlm_base,16,0.2,42,0.0001,True,17,False,87.9467746159648,4.910996,results/peft_results/peft_results_w7_k15_mdlm_top1_n3/mdlm_r16_m0p20_s42/mdlm_r16_m0p2_s42.json,fe371d72a3855313
MDLM,mdlm_base,16,0.2,7,0.0001,True,11,False,767.5610916627403,1.435079,results/peft_results/peft_results_w7_k15_mdlm_top1_n3/mdlm_r16_m0p20_s7/mdlm_r16_m0p2_s7.json,a11a8fd9bff8f98c
MDLM,mdlm_base,16,0.4,1337,0.0001,True,11,False,64.37849489220832,1.212529,results/peft_results/peft_results_w7_k15_mdlm_top1_n3/mdlm_r16_m0p40_s1337/mdlm_r16_m0p4_s1337.json,fae87f3d8fd501b6
MDLM,mdlm_base,16,0.4,42,0.0001,True,11,False,12.641096674538177,3.980854,results/peft_results/peft_results_w7_k15_mdlm_top1_n3/mdlm_r16_m0p40_s42/mdlm_r16_m0p4_s42.json,f36e5f0c9b0925ff
MDLM,mdlm_base,16,0.4,7,0.0001,True,11,False,22.363983551073577,1.394117,results/peft_results/peft_results_w7_k15_mdlm_top1_n3/mdlm_r16_m0p40_s7/mdlm_r16_m0p4_s7.json,1e64b5c0f1c8b2c9
MDLM,mdlm_base,16,0.7,1337,0.0001,True,11,False,14.801819850073244,4.871971,results/peft_results/peft_results_w7_k15_mdlm_top1_n3/mdlm_r16_m0p70_s1337/mdlm_r16_m0p7_s1337.json,0d25f2e387fce712
MDLM,mdlm_base,16,0.7,42,0.0001,True,11,False,11.546125719057025,4.694917,results/peft_results/peft_results_w7_k15_mdlm_top1_n3/mdlm_r16_m0p70_s42/mdlm_r16_m0p7_s42.json,c763605d82e39958
MDLM,mdlm_base,16,0.7,7,0.0001,True,14,False,12.310748820338462,4.149052,results/peft_results/peft_results_w7_k15_mdlm_top1_n3/mdlm_r16_m0p70_s7/mdlm_r16_m0p7_s7.json,21d78cd34a265404
MDLM,mdlm_base,16,0.9,1337,0.0001,True,11,False,17.791952996529197,5.163106,results/peft_results/peft_results_w7_k15_mdlm_top1_n3/mdlm_r16_m0p90_s1337/mdlm_r16_m0p9_s1337.json,71c64f1f28e65fd1
MDLM,mdlm_base,16,0.9,42,0.0001,True,11,False,16.85576641436826,5.10911,results/peft_results/peft_results_w7_k15_mdlm_top1_n3/mdlm_r16_m0p90_s42/mdlm_r16_m0p9_s42.json,569847fd4504257b
MDLM,mdlm_base,16,0.9,7,0.0001,True,11,False,12.825787365906702,5.110589,results/peft_results/peft_results_w7_k15_mdlm_top1_n3/mdlm_r16_m0p90_s7/mdlm_r16_m0p9_s7.json,62204db6f800f05c
MDLM,mdlm_base,4,0.05,1337,0.0001,True,33,False,79.1927623187444,1.058412,results/peft_results/peft_results_w7_k15_mdlm_top1_n3/mdlm_r4_m0p05_s1337/mdlm_r4_m0p05_s1337.json,97bdf4f4c4520da4
MDLM,mdlm_base,4,0.05,42,0.0001,True,24,False,328.5928316005344,4.379389,results/peft_results/peft_results_w7_k15_mdlm_top1_n3/mdlm_r4_m0p05_s42/mdlm_r4_m0p05_s42.json,1c895c12b2573d83
MDLM,mdlm_base,4,0.05,7,0.0001,True,33,False,42.241362716360655,1.527026,results/peft_results/peft_results_w7_k15_mdlm_top1_n3/mdlm_r4_m0p05_s7/mdlm_r4_m0p05_s7.json,3f79977f9ec04a5a
MDLM,mdlm_base,4,0.2,1337,0.0001,True,11,False,182.00709559616297,0.677528,results/peft_results/peft_results_w7_k15_mdlm_top1_n3/mdlm_r4_m0p20_s1337/mdlm_r4_m0p2_s1337.json,6ee5ab396d281cdb
MDLM,mdlm_base,4,0.2,42,0.0001,True,17,False,84.53293684403727,6.01557,results/peft_results/peft_results_w7_k15_mdlm_top1_n3/mdlm_r4_m0p20_s42/mdlm_r4_m0p2_s42.json,2f4b930fdb216956
MDLM,mdlm_base,4,0.2,7,0.0001,True,11,False,19.18262211972155,1.73046,results/peft_results/peft_results_w7_k15_mdlm_top1_n3/mdlm_r4_m0p20_s7/mdlm_r4_m0p2_s7.json,0c767983d171e763
MDLM,mdlm_base,4,0.4,1337,0.0001,True,11,False,19.420811631041673,2.355015,results/peft_results/peft_results_w7_k15_mdlm_top1_n3/mdlm_r4_m0p40_s1337/mdlm_r4_m0p4_s1337.json,b84f844ae3009e43
MDLM,mdlm_base,4,0.4,42,0.0001,True,11,False,12.632851165295696,4.267937,results/peft_results/peft_results_w7_k15_mdlm_top1_n3/mdlm_r4_m0p40_s42/mdlm_r4_m0p4_s42.json,a57e5b8f95674d1d
MDLM,mdlm_base,4,0.4,7,0.0001,True,11,False,10.297454134185909,1.748577,results/peft_results/peft_results_w7_k15_mdlm_top1_n3/mdlm_r4_m0p40_s7/mdlm_r4_m0p4_s7.json,eb67a9155d749034
MDLM,mdlm_base,4,0.7,1337,0.0001,True,11,False,10.881324157625407,5.594931,results/peft_results/peft_results_w7_k15_mdlm_top1_n3/mdlm_r4_m0p70_s1337/mdlm_r4_m0p7_s1337.json,29017921e3a78527
MDLM,mdlm_base,4,0.7,42,0.0001,True,11,False,14.047105711873908,4.982558,results/peft_results/peft_results_w7_k15_mdlm_top1_n3/mdlm_r4_m0p70_s42/mdlm_r4_m0p7_s42.json,135a9724f40794ec
MDLM,mdlm_base,4,0.7,7,0.0001,True,14,False,31.485117305790574,4.829264,results/peft_results/peft_results_w7_k15_mdlm_top1_n3/mdlm_r4_m0p70_s7/mdlm_r4_m0p7_s7.json,8c8e1063351886e2
MDLM,mdlm_base,4,0.9,1337,0.0001,True,11,False,13.331289256032344,5.491558,results/peft_results/peft_results_w7_k15_mdlm_top1_n3/mdlm_r4_m0p90_s1337/mdlm_r4_m0p9_s1337.json,128565454c8647da
MDLM,mdlm_base,4,0.9,42,0.0001,True,11,False,23.170660927472994,5.347662,results/peft_results/peft_results_w7_k15_mdlm_top1_n3/mdlm_r4_m0p90_s42/mdlm_r4_m0p9_s42.json,25c6e18281cc9877
MDLM,mdlm_base,4,0.9,7,0.0001,True,11,False,16.347919931652196,5.524643,results/peft_results/peft_results_w7_k15_mdlm_top1_n3/mdlm_r4_m0p90_s7/mdlm_r4_m0p9_s7.json,463d7c3fdc952862
MDLM,mdlm_base,64,0.05,1337,0.0001,True,16,False,67.94205020352682,0.368142,results/peft_results/peft_results_w7_k15_mdlm_top1_n3/mdlm_r64_m0p05_s1337/mdlm_r64_m0p05_s1337.json,a6a774324b4d03f9
MDLM,mdlm_base,64,0.05,42,0.0001,True,13,False,52.58914441420651,5.701141,results/peft_results/peft_results_w7_k15_mdlm_top1_n3/mdlm_r64_m0p05_s42/mdlm_r64_m0p05_s42.json,349c65c51932638f
MDLM,mdlm_base,64,0.05,7,0.0001,True,19,False,1159.2944690168688,0.005999,results/peft_results/peft_results_w7_k15_mdlm_top1_n3/mdlm_r64_m0p05_s7/mdlm_r64_m0p05_s7.json,ab094b48728cea46
MDLM,mdlm_base,64,0.2,1337,0.0001,True,11,False,166.72813768705922,0.344107,results/peft_results/peft_results_w7_k15_mdlm_top1_n3/mdlm_r64_m0p20_s1337/mdlm_r64_m0p2_s1337.json,9842f18a0aaf8737
MDLM,mdlm_base,64,0.2,42,0.0001,True,13,False,21.524964227471663,4.184492,results/peft_results/peft_results_w7_k15_mdlm_top1_n3/mdlm_r64_m0p20_s42/mdlm_r64_m0p2_s42.json,af7eaa752e40c855
MDLM,mdlm_base,64,0.2,7,0.0001,True,11,False,22.18877701465273,1.272837,results/peft_results/peft_results_w7_k15_mdlm_top1_n3/mdlm_r64_m0p20_s7/mdlm_r64_m0p2_s7.json,6f34f0ad7d657832
MDLM,mdlm_base,64,0.4,1337,0.0001,True,11,False,18.76422837735236,0.53205,results/peft_results/peft_results_w7_k15_mdlm_top1_n3/mdlm_r64_m0p40_s1337/mdlm_r64_m0p4_s1337.json,2c90ff71b731dca6
MDLM,mdlm_base,64,0.4,42,0.0001,True,11,False,13.036154446170046,3.390016,results/peft_results/peft_results_w7_k15_mdlm_top1_n3/mdlm_r64_m0p40_s42/mdlm_r64_m0p4_s42.json,f569ea884f2ff7bd
MDLM,mdlm_base,64,0.4,7,0.0001,True,11,False,21.11283094073454,0.97068,results/peft_results/peft_results_w7_k15_mdlm_top1_n3/mdlm_r64_m0p40_s7/mdlm_r64_m0p4_s7.json,b54b2648420d8768
MDLM,mdlm_base,64,0.7,1337,0.0001,True,11,False,12.629065371188151,4.280129,results/peft_results/peft_results_w7_k15_mdlm_top1_n3/mdlm_r64_m0p70_s1337/mdlm_r64_m0p7_s1337.json,791aae00fc2ee8e0
MDLM,mdlm_base,64,0.7,42,0.0001,True,11,False,21.144565052779416,4.171691,results/peft_results/peft_results_w7_k15_mdlm_top1_n3/mdlm_r64_m0p70_s42/mdlm_r64_m0p7_s42.json,b91801709210f66e
MDLM,mdlm_base,64,0.7,7,0.0001,True,11,False,50.278388210777834,3.431481,results/peft_results/peft_results_w7_k15_mdlm_top1_n3/mdlm_r64_m0p70_s7/mdlm_r64_m0p7_s7.json,51c744d680588420
MDLM,mdlm_base,64,0.9,1337,0.0001,True,11,False,18.560484251183308,4.921406,results/peft_results/peft_results_w7_k15_mdlm_top1_n3/mdlm_r64_m0p90_s1337/mdlm_r64_m0p9_s1337.json,364a4ce6b3889b45
MDLM,mdlm_base,64,0.9,42,0.0001,True,11,False,20.53419513623463,4.75954,results/peft_results/peft_results_w7_k15_mdlm_top1_n3/mdlm_r64_m0p90_s42/mdlm_r64_m0p9_s42.json,52a704672b13c045
MDLM,mdlm_base,64,0.9,7,0.0001,True,11,False,12.3157142137828,4.811061,results/peft_results/peft_results_w7_k15_mdlm_top1_n3/mdlm_r64_m0p90_s7/mdlm_r64_m0p9_s7.json,7afc5dad8306f575
