cell,rank,mask_ratio,region,observed_steps,configured_steps,collapse_step,collapsed,grad_norm_mean,grad_norm_sample_std,grad_norm_min,grad_norm_max,source
r4_m0p05,4,0.05,left_sparse,12,200,11,True,2.02276575,2.2803810541878193,0.088742,7.739044,results/llada2_surface/peft_llada2_mini_r4_m0_05.json
r4_m0p10,4,0.1,left_sparse,12,200,11,True,0.9227013333333334,0.9280607581356586,0.006422,2.857543,results/llada2_surface/peft_llada2_mini_r4_m0_1.json
r4_m0p15,4,0.15,middle,12,200,11,True,0.6645596666666667,0.5106894883334122,0.014936,1.58228,results/llada2_surface/peft_llada2_mini_r4_m0_15.json
r4_m0p20,4,0.2,middle,12,200,11,True,0.7389735833333333,0.5087270645429108,0.00833,2.116296,results/llada2_surface/peft_llada2_mini_r4_m0_2.json
r4_m0p30,4,0.3,stable_window,12,200,11,True,0.8309200833333333,0.3723812556554611,0.396111,1.53324,results/llada2_surface/peft_llada2_mini_r4_m0_3.json
r4_m0p40,4,0.4,stable_window,12,200,11,True,0.89831925,0.29404150837474535,0.534306,1.324782,results/llada2_surface/peft_llada2_mini_r4_m0_4.json
r4_m0p50,4,0.5,middle,12,200,11,True,1.14736825,0.45400191885379937,0.467016,1.978965,results/llada2_surface/peft_llada2_mini_r4_m0_5.json
r4_m0p60,4,0.6,middle,12,200,11,True,1.0983626666666666,0.3907881511959536,0.281271,1.597227,results/llada2_surface/peft_llada2_mini_r4_m0_6.json
r4_m0p70,4,0.7,middle,12,200,11,True,1.5900835833333333,1.3110476545875585,0.466542,5.363264,results/llada2_surface/peft_llada2_mini_r4_m0_7.json
r4_m0p80,4,0.8,high_mask,12,200,11,True,1.4241920833333335,0.8045363761154571,0.462061,3.587872,results/llada2_surface/peft_llada2_mini_r4_m0_8.json
r4_m0p90,4,0.9,high_mask,12,200,11,True,1.7742108333333333,1.021062069637549,0.711558,3.999683,results/llada2_surface/peft_llada2_mini_r4_m0_9.json
r4_m0p95,4,0.95,high_mask,12,200,11,True,1.4075413333333333,0.7951531041357934,0.335441,2.722999,results/llada2_surface/peft_llada2_mini_r4_m0_95.json
r8_m0p05,8,0.05,left_sparse,12,200,11,True,2.9844201666666663,4.430185383853014,0.003053,13.874751,results/llada2_surface/peft_llada2_mini_r8_m0_05.json
r8_m0p10,8,0.1,left_sparse,12,200,11,True,1.1576655,1.1784265035557526,0.001482,3.305215,results/llada2_surface/peft_llada2_mini_r8_m0_1.json
r8_m0p15,8,0.15,middle,12,200,11,True,0.8887809166666667,0.6693074241563518,0.021868,1.924553,results/llada2_surface/peft_llada2_mini_r8_m0_15.json
r8_m0p20,8,0.2,middle,12,200,11,True,1.0283576666666667,0.6931006398176942,0.012277,2.96761,results/llada2_surface/peft_llada2_mini_r8_m0_2.json
r8_m0p30,8,0.3,stable_window,12,200,11,True,1.1516898333333334,0.5239177313870832,0.57579,2.147112,results/llada2_surface/peft_llada2_mini_r8_m0_3.json
r8_m0p40,8,0.4,stable_window,12,200,11,True,1.1848591666666668,0.34709237578432356,0.764165,1.703273,results/llada2_surface/peft_llada2_mini_r8_m0_4.json
r8_m0p50,8,0.5,middle,12,200,11,True,1.4584385833333335,0.5076768648809556,0.722254,2.369578,results/llada2_surface/peft_llada2_mini_r8_m0_5.json
r8_m0p60,8,0.6,middle,12,200,11,True,1.5074855833333334,0.6174980928348109,0.384873,2.980772,results/llada2_surface/peft_llada2_mini_r8_m0_6.json
r8_m0p70,8,0.7,middle,12,200,11,True,1.5562530833333332,0.5645308657132863,0.636551,2.684992,results/llada2_surface/peft_llada2_mini_r8_m0_7.json
r8_m0p80,8,0.8,high_mask,12,200,11,True,2.085093666666667,1.2619406239435236,0.599734,4.743368,results/llada2_surface/peft_llada2_mini_r8_m0_8.json
r8_m0p90,8,0.9,high_mask,12,200,11,True,2.294006,1.467201933581617,0.823875,5.15619,results/llada2_surface/peft_llada2_mini_r8_m0_9.json
r8_m0p95,8,0.95,high_mask,12,200,11,True,1.6402349999999999,0.835758326099662,0.44223,2.845408,results/llada2_surface/peft_llada2_mini_r8_m0_95.json
r16_m0p05,16,0.05,left_sparse,12,200,11,True,3.5865054166666663,5.849091943173315,1.2e-05,18.379333,results/llada2_surface/peft_llada2_mini_r16_m0_05.json
r16_m0p10,16,0.1,left_sparse,12,200,11,True,1.5223244166666667,1.882438450105919,0.000984,5.723695,results/llada2_surface/peft_llada2_mini_r16_m0_1.json
r16_m0p15,16,0.15,middle,12,200,11,True,1.2715208333333334,1.0255529979855953,0.025418,3.270677,results/llada2_surface/peft_llada2_mini_r16_m0_15.json
r16_m0p20,16,0.2,middle,12,200,11,True,1.3614424999999999,0.8707180526692271,0.017673,3.751277,results/llada2_surface/peft_llada2_mini_r16_m0_2.json
r16_m0p30,16,0.3,stable_window,12,200,11,True,1.53994575,0.6943094448763952,0.724892,2.815666,results/llada2_surface/peft_llada2_mini_r16_m0_3.json
r16_m0p40,16,0.4,stable_window,12,200,11,True,1.6054323333333331,0.4968056888801667,0.880212,2.466315,results/llada2_surface/peft_llada2_mini_r16_m0_4.json
r16_m0p50,16,0.5,middle,12,200,11,True,1.9967468333333331,0.8334709766362957,1.106835,3.519797,results/llada2_surface/peft_llada2_mini_r16_m0_5.json
r16_m0p60,16,0.6,middle,12,200,11,True,1.8898266666666668,0.7702921592371574,0.482111,3.57056,results/llada2_surface/peft_llada2_mini_r16_m0_6.json
r16_m0p70,16,0.7,middle,12,200,11,True,2.3126428333333333,1.280271823589949,0.852052,5.983469,results/llada2_surface/peft_llada2_mini_r16_m0_7.json
r16_m0p80,16,0.8,high_mask,12,200,11,True,2.415891,1.6337078864450423,0.797661,6.719654,results/llada2_surface/peft_llada2_mini_r16_m0_8.json
r16_m0p90,16,0.9,high_mask,12,200,11,True,2.85226875,1.9731892889489673,1.119989,7.291363,results/llada2_surface/peft_llada2_mini_r16_m0_9.json
r16_m0p95,16,0.95,high_mask,12,200,11,True,2.7100446666666667,1.9799736881541143,0.604081,6.712972,results/llada2_surface/peft_llada2_mini_r16_m0_95.json
r32_m0p05,32,0.05,left_sparse,12,200,11,True,3.6661714166666663,6.162411847932054,0.0,15.848766,results/llada2_surface/peft_llada2_mini_r32_m0_05.json
r32_m0p10,32,0.1,left_sparse,12,200,11,True,1.8958953333333335,2.619004567556791,0.000894,6.931633,results/llada2_surface/peft_llada2_mini_r32_m0_1.json
r32_m0p15,32,0.15,middle,12,200,11,True,1.8153454166666665,1.5191806286116845,0.015988,4.915006,results/llada2_surface/peft_llada2_mini_r32_m0_15.json
r32_m0p20,32,0.2,middle,12,200,11,True,1.8540860833333335,1.1241368467086572,0.022989,4.850473,results/llada2_surface/peft_llada2_mini_r32_m0_2.json
r32_m0p30,32,0.3,stable_window,12,200,11,True,2.02336075,0.8734356596974465,1.059316,3.827864,results/llada2_surface/peft_llada2_mini_r32_m0_3.json
r32_m0p40,32,0.4,stable_window,12,200,11,True,2.1181234166666667,0.8013087134046809,0.829017,4.03667,results/llada2_surface/peft_llada2_mini_r32_m0_4.json
r32_m0p50,32,0.5,middle,12,200,11,True,2.6913468333333337,1.5103185936761117,1.291546,5.898275,results/llada2_surface/peft_llada2_mini_r32_m0_5.json
r32_m0p60,32,0.6,middle,12,200,11,True,2.727704166666667,1.3548739704949302,0.666741,5.741017,results/llada2_surface/peft_llada2_mini_r32_m0_6.json
r32_m0p70,32,0.7,middle,12,200,11,True,3.281832916666666,1.4940678298899561,1.014404,6.281305,results/llada2_surface/peft_llada2_mini_r32_m0_7.json
r32_m0p80,32,0.8,high_mask,12,200,11,True,2.6449034166666667,2.262860431907949,0.903549,9.555377,results/llada2_surface/peft_llada2_mini_r32_m0_8.json
r32_m0p90,32,0.9,high_mask,12,200,11,True,3.24797775,2.491955146038443,1.152105,10.387256,results/llada2_surface/peft_llada2_mini_r32_m0_9.json
r32_m0p95,32,0.95,high_mask,12,200,11,True,3.039494083333333,1.679396759678008,0.862027,5.697348,results/llada2_surface/peft_llada2_mini_r32_m0_95.json
r64_m0p05,64,0.05,left_sparse,12,200,11,True,4.839053416666666,8.710032837189072,0.0,23.572341,results/llada2_surface/peft_llada2_mini_r64_m0_05.json
r64_m0p10,64,0.1,left_sparse,12,200,11,True,2.4982818333333334,3.507546658419446,0.001042,9.50972,results/llada2_surface/peft_llada2_mini_r64_m0_1.json
r64_m0p15,64,0.15,middle,12,200,11,True,2.39955875,2.1852029124157752,0.008248,6.880868,results/llada2_surface/peft_llada2_mini_r64_m0_15.json
r64_m0p20,64,0.2,middle,12,200,11,True,2.4924621666666664,1.9216305956674036,0.037885,8.111324,results/llada2_surface/peft_llada2_mini_r64_m0_2.json
r64_m0p30,64,0.3,stable_window,12,200,11,True,2.6273594166666667,1.0325617705964887,1.451511,4.560953,results/llada2_surface/peft_llada2_mini_r64_m0_3.json
r64_m0p40,64,0.4,stable_window,12,200,11,True,2.6887482499999997,1.4399121297523128,1.167689,5.807246,results/llada2_surface/peft_llada2_mini_r64_m0_4.json
r64_m0p50,64,0.5,middle,12,200,11,True,3.5152932499999996,2.558298407745562,1.480207,10.115928,results/llada2_surface/peft_llada2_mini_r64_m0_5.json
r64_m0p60,64,0.6,middle,12,200,11,True,2.99840375,1.4046889344766385,0.841649,5.701457,results/llada2_surface/peft_llada2_mini_r64_m0_6.json
r64_m0p70,64,0.7,middle,12,200,11,True,5.655771916666667,4.7088091422316,1.167114,14.643532,results/llada2_surface/peft_llada2_mini_r64_m0_7.json
r64_m0p80,64,0.8,high_mask,12,200,11,True,4.3610595000000005,3.4828347936096926,1.099139,13.590333,results/llada2_surface/peft_llada2_mini_r64_m0_8.json
r64_m0p90,64,0.9,high_mask,12,200,11,True,4.548524916666667,3.6321991646595504,1.609467,14.966859,results/llada2_surface/peft_llada2_mini_r64_m0_9.json
r64_m0p95,64,0.95,high_mask,12,200,11,True,6.827491083333332,9.25915854145791,1.215167,34.848965,results/llada2_surface/peft_llada2_mini_r64_m0_95.json
